{
    "HEFT": {
        "avg_delay": 0.35341315072,
        "avg_energy": 13.157060318780001,
        "std_delay": 0.13769828092869688,
        "std_energy": 10.016370318692491
    },
    "PSO": {
        "avg_delay": 17.80267722752,
        "avg_energy": 9.44235862116,
        "std_delay": 5.405162460377974,
        "std_energy": 2.593668617911465
    },
    "GA": {
        "avg_delay": 0.23221995520000002,
        "avg_energy": 0.05830545408,
        "std_delay": 0.037237467455722026,
        "std_energy": 0.006757058329981006
    },
    "PPO": {
        "avg_delay": 45.8606018870614,
        "avg_energy": 0.2201538475399997,
        "std_delay": 1.7967348090700674,
        "std_energy": 0.005696212487825287
    },
    "GMORL": {
        "avg_delay": 526.2629490987372,
        "avg_energy": 52.473205668696295,
        "std_delay": 36.77456152938215,
        "std_energy": 3.701626949841948
    },
    "TAMPO": {
        "avg_delay": 169.74511895597118,
        "avg_energy": 10.960992046922591,
        "std_delay": 18.157304118030268,
        "std_energy": 2.0903545016705363
    }
}