{
    "HEFT": {
        "avg_delay": 0.35341315072,
        "avg_energy": 13.157060318780001,
        "std_delay": 0.13769828092869688,
        "std_energy": 10.016370318692491
    },
    "PSO": {
        "avg_delay": 16.28952871944,
        "avg_energy": 8.77750034956,
        "std_delay": 4.450825429569716,
        "std_energy": 2.4424270893945836
    },
    "GA": {
        "avg_delay": 0.23221995520000002,
        "avg_energy": 0.05830545408,
        "std_delay": 0.037237467455722026,
        "std_energy": 0.006757058329981006
    },
    "PPO": {
        "avg_delay": 46.90751543222878,
        "avg_energy": 0.22141316121021065,
        "std_delay": 3.026064719343133,
        "std_energy": 0.010001549630812841
    },
    "GMORL": {
        "avg_delay": 548.934093182831,
        "avg_energy": 54.8934093182831,
        "std_delay": 33.41494228396387,
        "std_energy": 3.341494228396389
    },
    "TAMPO": {
        "avg_delay": 93.40227522708747,
        "avg_energy": 6.117433037921181,
        "std_delay": 165.11201911153543,
        "std_energy": 17.5479035930851
    }
}